MeterID,Name,Totalflow,Col_Order,IsActive,READINGTYPE,ITEM,Statutory,Description,MeterType,MeterNo,MasterStationID,Date_Time,UOMID,GroupID,Level,Formula,FlowRate,MaxReading,Prefix,ActualFormula,SlaveID,FlowRate_Current
1,RO-1 FEED,61533.66,1010,1,Auto,Energy,0,RO-1 FEED,81,NULL,NULL,19-02-2025 14:58,6,2,1,NULL,100,99999999,A,NULL,NULL,-1
2,RO-2 FEED,43778.78,1020,1,Auto,Energy,0,RO-2 FEED,81,NULL,NULL,19-02-2025 14:58,6,2,1,NULL,100,99999999,A,NULL,NULL,-1
3,RO-3 FEED,42980.7,1030,1,Auto,Energy,0,RO-3 FEED ,181,NULL,NULL,19-02-2025 14:58,6,2,1,NULL,100,99999999,A,NULL,NULL,-1
4,RO-4 FEED,27683.43,1040,1,Auto,Energy,0,RO-4 FEED ,181,NULL,NULL,19-02-2025 12:28,6,2,1,NULL,100,99999999,A,NULL,NULL,-1
5,RO-5 FEED,28622.3867,1050,1,Auto,Energy,0,RO-5 FEED ,181,NULL,NULL,19-02-2025 14:58,6,2,1,NULL,100,99999999,A,NULL,NULL,-1
6,RO-6 FEED,53391.2148,1060,1,Auto,Energy,0,RO-6 FEED,181,NULL,NULL,19-02-2025 14:58,6,2,1,NULL,100,99999999,A,NULL,NULL,-1
7,MCC-5,1629596.032,1150,1,Auto,Energy,0,MCC-5,181,NULL,NULL,26-09-2024 15:11,6,1,1,NULL,100,99999999,A,NULL,NULL,-1
8,ETP-1,486652,1070,1,Auto,Energy,0,ETP-1,181,NULL,NULL,26-09-2024 15:11,6,1,1,NULL,100,99999999,A,NULL,NULL,-1
9,ETP-2,1047752,1080,1,Auto,Energy,0,ETP-2 ,181,NULL,NULL,26-09-2024 15:11,6,1,1,NULL,100,99999999,A,NULL,NULL,-1
10,ETP BLOWER,318243.84,1120,0,Auto,Energy,0,,8,NULL,NULL,01-12-2017 11:29,6,1,1,NULL,100,99999999,A,NULL,NULL,-1
11,MCC-4,188886.8,1140,1,Auto,Energy,0,MCC-4 ,181,NULL,NULL,26-09-2024 15:11,6,1,1,NULL,100,99999999,A,NULL,NULL,-1
12,MCC-3,1726953.984,1130,1,Auto,Energy,0,MCC-3 ,181,NULL,NULL,26-09-2024 15:11,6,1,1,NULL,100,99999999,A,NULL,NULL,-1
13,SSB-2A,1852294.016,20,1,Auto,Energy,0,SSB-2A ,181,NULL,NULL,26-09-2024 15:11,6,1,1,NULL,100,99999999,A,NULL,NULL,-1
14,COMPRESSOR-1,1000668.032,50,1,Auto,Energy,0,COMPRESSOR-1,181,NULL,NULL,19-02-2025 14:58,6,5,1,NULL,100,99999999,A,NULL,NULL,-1
15,COMPRESSOR-2,85664.3984,60,1,Auto,Energy,0,COMPRESSOR-2,81,NULL,NULL,19-02-2025 14:58,6,5,1,NULL,100,99999999,A,NULL,NULL,-1
16,COMPRESSOR-3,41139.2305,70,1,Auto,Energy,0,COMPRESSOR-3,81,NULL,NULL,19-02-2025 14:58,6,5,1,NULL,100,99999999,A,NULL,NULL,-1
17,VTA 15-1,79815.128,0,0,Auto,Energy,0,,8,NULL,NULL,07-10-2017 16:52,6,4,1,NULL,100,99999999,A,NULL,NULL,-1
18,VTA 15-2,415952.864,0,0,Auto,Energy,0,,8,NULL,NULL,03-10-2017 16:28,6,4,1,NULL,100,99999999,A,NULL,NULL,-2
19,SSB 16,6034214.912,25,1,Auto,Energy,0,SSB 16,181,NULL,NULL,19-02-2025 14:58,6,4,1,NULL,100,99999999,A,NULL,NULL,-1
20,EVAPORATOR-1,75841.504,1160,1,Auto,Energy,0,EVAPORATOR-1,181,NULL,NULL,26-09-2024 15:11,6,1,1,NULL,100,99999999,A,NULL,NULL,-1
21,EVAPORATOR-2,189520.8,1170,1,Auto,Energy,0,EVAPORATOR-2,181,NULL,NULL,05-07-2023 12:03,6,1,1,NULL,100,99999999,A,NULL,NULL,-1
22,EVAPORATOR-3,714759,1180,1,Auto,Energy,0,EVAPORATOR-3,81,NULL,NULL,26-09-2024 10:29,6,1,1,NULL,100,99999999,A,NULL,NULL,-1
23,EVAPORATOR-4,2318320.128,1190,1,Auto,Energy,0,EVAPORATOR-4,181,NULL,NULL,24-09-2024 09:48,6,1,1,NULL,100,99999999,A,NULL,NULL,-1
24,P.F.S 2,783800.875,298,1,Auto,Energy,0,P.F.S 2,81,NULL,NULL,26-09-2024 10:29,6,6,1,NULL,100,99999999,A,NULL,NULL,-1
25,ADFT-1 500LTR,84668.1328,1220,1,Auto,Energy,0,ATFD ,181,NULL,NULL,26-09-2024 10:29,6,1,1,NULL,100,99999999,A,NULL,NULL,-1
26,EVP STEAM PRESSURE,-0.2,3,1,Auto,Pressure,0,,24,NULL,NULL,06-11-2021 15:23,10,3,1,NULL,0,0,NULL,NULL,NULL,0
27,EVP STEAM FLOW,57420201,2,1,Auto,Steam,0,,16,NULL,NULL,10-07-2020 15:47,1,3,1,NULL,16000,99999999,A,NULL,NULL,3991
28,DYEING AIR FLOW,891437696,4,1,Auto,Water,0,,8,NULL,NULL,03-09-2024 10:27,2,15,1,NULL,99999999,10000000000,A,NULL,NULL,366.0461
29,KNITTING AIR FLOW,261631504,6,1,Auto,Water,0,,4,NULL,NULL,04-06-2024 13:35,2,15,1,NULL,300000,10000000000,A,NULL,NULL,2.97
30,THEIS 360 KGS,75660.464,0,0,Auto,Energy,0,,4,NULL,NULL,29-12-2016 05:40,6,6,1,NULL,100,99999999,A,NULL,NULL,NULL
31,THEIS 180 KGS,74328.68,0,0,Auto,Energy,0,,4,NULL,NULL,29-12-2016 06:35,6,6,1,NULL,100,99999999,A,NULL,NULL,NULL
32,THEIS 540 KGS,91556.976,0,0,Auto,Energy,0,,4,NULL,NULL,29-12-2016 08:08,6,6,1,NULL,100,99999999,A,NULL,NULL,NULL
33,THEIS 720 KGS,17833.764,0,0,Auto,Energy,0,,4,NULL,NULL,17-01-2017 10:17,6,6,1,NULL,100,99999999,A,NULL,NULL,NULL
34,THEIS 1080 KGS,48654.58,0,0,Auto,Energy,0,,4,NULL,NULL,29-12-2016 12:44,6,6,1,NULL,100,99999999,A,NULL,NULL,NULL
35,THIES 1440 KGS,6759.643,0,0,Auto,Energy,0,,8,NULL,NULL,03-02-2018 08:53,6,6,1,NULL,100,99999999,A,NULL,NULL,-1
36,THIES 2000 KGS-1,52460.957,320,1,Auto,Energy,0,Thies-iMaster-2000Kg,81,NULL,NULL,19-02-2025 14:58,6,6,1,NULL,100,99999999,A,NULL,NULL,-1
37,GME 100 KGS,54012.36,440,1,Auto,Energy,0,GME-100Kgs,181,NULL,NULL,19-02-2025 14:40,6,6,1,NULL,100,99999999,A,NULL,NULL,-1
38,GME 240 KGS,75456,0,0,Auto,Energy,0,,4,NULL,NULL,27-01-2017 10:27,6,6,1,NULL,100,99999999,A,NULL,NULL,NULL
39,OWC-1,131461.4,0,0,Auto,Energy,0,NULL,8,NULL,NULL,12-10-2020 16:09,6,7,1,NULL,100,99999999,A,NULL,NULL,-1
40,OWC-2,311826.496,0,0,Auto,Energy,0,OWC-2 ,181,NULL,NULL,08-08-2023 09:37,6,7,1,NULL,100,99999999,A,NULL,NULL,-1
41,SANTEX DRYER,616125,660,1,Auto,Energy,0,SANTEX DRYER ,81,NULL,NULL,19-02-2025 15:42,6,8,1,NULL,100,99999999,A,NULL,NULL,-1
42,EHWHA STENTER-2,813332.125,680,1,Auto,Energy,0,EHWHA STENTER-2,181,NULL,NULL,19-02-2025 15:42,6,8,1,NULL,100,99999999,A,NULL,NULL,-1
43,TW COM (TUBTEX),30186.67,720,1,Auto,Energy,0,TW COM (TUBTEX),181,NULL,NULL,19-02-2025 15:42,6,7,1,NULL,100,99999999,A,NULL,NULL,-1
44,STRETCH PLES 2 (SANTEX),23362.08,650,0,Auto,Energy,0,STRETCH PLES 2 (SANTEX),4,NULL,NULL,21-06-2022 11:56,6,8,1,NULL,100,99999999,A,NULL,NULL,-1
45,SLIT OPEN 1 (CORINO),65168.888,600,1,Auto,Energy,0,SLIT OPEN 1 (CORINO),4,NULL,NULL,19-02-2025 12:32,6,8,1,NULL,100,99999999,A,NULL,NULL,-1
46,SLIT OPEN 3 (BIANCO),9094.0801,620,1,Auto,Energy,0,SLIT OPEN 3 (BIANCO),181,NULL,NULL,19-02-2025 12:32,6,8,1,NULL,100,99999999,A,NULL,NULL,-1
47,THIES 1500 KGS,264156.7813,350,1,Auto,Energy,0,Thies-iMaster-1500Kg,81,NULL,NULL,19-02-2025 12:32,6,6,1,NULL,100,99999999,A,NULL,NULL,-1
48,STRETCH PLES 1 (BIANCO),5344.7749,640,1,Auto,Energy,0,STRETCH PLES 1 (BIANCO),181,NULL,NULL,19-02-2025 12:32,6,8,1,NULL,100,99999999,A,NULL,NULL,-1
49,PRINTING AIR FLOW,525528608,5,1,Auto,Water,0,NULL,8,NULL,NULL,27-04-2024 11:28,2,15,1,NULL,2500000,1000000000,A,NULL,NULL,0
50,12T COAL BOILER STEAM,278968,1,1,Auto,Steam,0,,12,1,50,16-06-2022 17:25,1,3,1,NULL,12,999999,A,NULL,NULL,7.0747
51,DO_AERATION,1312131.2,0,0,Auto,DO,0,,38,NULL,NULL,23-06-2017 10:38,9,1,1,NULL,0,0,NULL,NULL,NULL,NULL
52,PRANAV 25-A KGS,55673.712,470,1,Auto,Energy,0,PRANAV 25-A KGS ,181,NULL,NULL,19-02-2025 12:28,6,6,1,NULL,100,99999999,A,NULL,NULL,-1
53,PRANAV 25-B KGS,6570.6519,480,1,Auto,Energy,0,PRANAV 25-B KGS ,181,NULL,NULL,19-02-2025 12:32,6,6,1,NULL,100,99999999,A,NULL,NULL,-1
54,PRANAV 50 KGS,35421.02,450,1,Auto,Energy,0,Pranav-50Kgs ,181,NULL,NULL,19-02-2025 12:32,6,6,1,NULL,100,99999999,A,NULL,NULL,-1
55,THIES 200 KGS,261530.304,420,1,Auto,Energy,0,Thies-iMaster-200Kg,181,NULL,NULL,19-02-2025 12:32,6,6,1,NULL,100,99999999,A,NULL,NULL,-1
56,THIES 250 KGS,256078.896,410,1,Auto,Energy,0,Thies-iMaster-250Kg,181,NULL,NULL,19-02-2025 12:32,6,6,1,NULL,100,99999999,A,NULL,NULL,-1
57,THIES 400 KGS,604764.032,400,1,Auto,Energy,0,Thies-iMaster-400Kg,181,NULL,NULL,19-02-2025 12:32,6,6,1,NULL,100,99999999,A,NULL,NULL,-1
58,THIES 500 KGS,431118.4,390,1,Auto,Energy,0,Thies-iMaster-500Kg,181,NULL,NULL,19-02-2025 12:32,6,6,1,NULL,100,99999999,A,NULL,NULL,-1
59,THIES 750 KGS,1065355.008,380,1,Auto,Energy,0,Thies-iMaster-750Kg,181,NULL,NULL,19-02-2025 12:32,6,6,1,NULL,100,99999999,A,NULL,NULL,-1
60,THIES 1000 KGS,1088006.016,370,1,Auto,Energy,0,Thies-iMaster-1000Kg,181,NULL,NULL,19-02-2025 12:32,6,6,1,NULL,100,99999999,A,NULL,NULL,-1
61,THIES 1250 KGS,867897.6,360,1,Auto,Energy,0,Thies-iMaster-1250Kg,181,NULL,NULL,19-02-2025 12:32,6,6,1,NULL,100,99999999,A,NULL,NULL,-1
62,THIES 100 KGS,269931.296,430,1,Auto,Energy,0,Thies-iMaster-100Kg,181,NULL,NULL,19-02-2025 12:18,6,6,1,NULL,100,99999999,A,NULL,NULL,-1
63,RBE 10-A KGS,40861.48,500,1,Auto,Energy,0,RBE 10-A KGS ,181,NULL,NULL,19-02-2025 12:18,6,6,1,NULL,100,99999999,A,NULL,NULL,-1
64,RBE 10-B KGS,22944.03,510,1,Auto,Energy,0,RBE 10-B KGS ,181,NULL,NULL,19-02-2025 11:47,6,6,1,NULL,100,99999999,A,NULL,NULL,-1
65,PRANAV 25-C KGS,6816.6802,490,1,Auto,Energy,0,Pranav-25Kgs ,81,NULL,NULL,19-02-2025 06:07,6,6,1,NULL,100,99999999,A,NULL,NULL,-1
66,THIES 30 KGS,55495.352,460,1,Auto,Energy,0,THIES 30 KGS ,181,NULL,NULL,19-02-2025 12:18,6,6,1,NULL,100,99999999,A,NULL,NULL,-1
67,REVERSING M/C,48601.592,760,1,Auto,Energy,0,REVERSING M/C,181,NULL,NULL,19-02-2025 14:58,6,8,1,NULL,100,99999999,A,NULL,NULL,-1
68,COMPRESSOR-4,61814.1523,90,1,Auto,Energy,0,COMPRESSOR-4,181,NULL,NULL,19-02-2025 14:58,6,5,1,NULL,100,99999999,A,NULL,NULL,-1
69,SLIT OPEN 4 (E+L),472.128,630,1,Auto,Energy,0,SLIT OPEN 4 (E+L),181,NULL,NULL,19-02-2025 12:18,6,8,1,NULL,100,99999999,A,NULL,NULL,-1
70,AGER,8311.32,0,0,Auto,Energy,0,,8,NULL,NULL,29-06-2018 11:18,6,8,1,NULL,100,99999999,A,NULL,NULL,-2
71,INSPECTION,6348.1138,770,1,Auto,Energy,0,INSPECTION,81,NULL,NULL,19-02-2025 14:58,6,8,1,NULL,100,99999999,A,NULL,NULL,-1
72, ADFT-2 (B) 350LTR,387929.2188,1230,1,Auto,Energy,0,ATFD-2,81,NULL,NULL,29-01-2024 08:19,6,1,1,NULL,100,99999999,A,NULL,NULL,-1
73,ETP NEW,2816770.048,1090,1,Auto,Energy,0,ETP NEW,181,NULL,NULL,26-09-2024 15:11,6,1,1,NULL,100,99999999,A,NULL,NULL,-1
74,MV PANEL-1,11285978,10,1,Auto,Energy,0,MV PANEL-1,181,NULL,NULL,19-02-2025 14:58,6,9,1,NULL,9999999,99999999,A,NULL,NULL,-1
75,MV PANEL-2,9209817,11,1,Auto,Energy,0,MV PANEL-2,181,NULL,NULL,19-02-2025 14:58,6,9,1,NULL,99999999,99999999,A,NULL,NULL,-1
76,EVAPORATOR-5 (NEW),3228737.024,1200,1,Auto,Energy,0,EVAPORATOR-5 (NEW),181,NULL,NULL,26-09-2024 15:11,6,1,1,NULL,100,99999999,A,NULL,NULL,-1
77,W-PROCESSING FEED,69877989,0,0,Auto,Water,0,,18,NULL,NULL,25-06-2022 11:46,5,10,1,NULL,50000,256000000,A,NULL,NULL,0
78,W-COOLING RETURN,154337145,0,0,Auto,Water,0,,18,NULL,NULL,21-06-2022 18:30,5,10,1,NULL,50000,256000000,A,NULL,NULL,0
79,W-BINACO STRETCH PLUS,7592042,0,0,Auto,Water,0,,3,6,NULL,17-08-2021 17:49,5,10,1,NULL,50000,256000000,A,NULL,NULL,0
80,W-BIANCO SLIT OPEN,10754298,0,0,Auto,Water,0,,3,5,NULL,17-08-2021 17:49,5,10,1,NULL,50000,256000000,A,NULL,NULL,0
81,W-SANTEX STRETCH PLUS,3101525,0,0,Auto,Water,0,,3,2,NULL,17-08-2021 17:49,5,10,1,NULL,50000,256000000,A,NULL,NULL,0
82,W-CORINO SLIT OPEN,9141321,0,0,Auto,Water,0,,3,7,NULL,17-08-2021 17:49,5,10,1,NULL,50000,256000000,A,NULL,NULL,0
83,W-MPSL & D,27962121,0,0,Auto,Water,0,,3,1,NULL,17-08-2021 17:49,5,10,1,NULL,50000,256000000,A,NULL,NULL,0
84,W-SANTEX DRYER,3835992,0,0,Auto,Water,0,,3,4,NULL,17-08-2021 17:49,5,10,1,NULL,50000,256000000,A,NULL,NULL,0
85,W-EHWA STENTER,17164989,0,0,Auto,Water,0,,3,3,NULL,17-08-2021 17:49,5,10,1,NULL,50000,256000000,A,NULL,NULL,0
86,W-BOILER CONDENSATE,83506350,0,0,Auto,Water,0,,18,NULL,NULL,25-06-2022 11:46,5,10,1,NULL,50000,256000000,A,NULL,NULL,0
87,W-BOILER FEED WATER TANK,53407021,0,0,Auto,Water,0,,18,NULL,NULL,25-06-2022 11:46,5,10,1,NULL,50000,256000000,A,NULL,NULL,0
88,MLSB-1,649098.816,12,1,Auto,Energy,0,MLSB-1,181,NULL,NULL,19-02-2025 14:58,6,9,1,NULL,100,99999999,A,NULL,NULL,-1
89,MLSB-2,327678.0313,13,1,Auto,Energy,0,MLSB-2,81,NULL,NULL,19-02-2025 14:58,6,9,1,NULL,100,99999999,A,NULL,NULL,-1
90,W-EVAPORATOR CONDENSATE,39631977,0,0,Auto,Water,0,,18,NULL,NULL,25-06-2022 11:46,5,10,1,NULL,50000,256000000,A,NULL,NULL,0
91,MPS-L,13034.56,300,1,Auto,Energy,0,MPS-L,181,NULL,NULL,19-02-2025 14:04,6,6,1,NULL,100,99999999,A,NULL,NULL,-1
92,MPS-D,41445.392,310,1,Auto,Energy,0,MPS-D,181,NULL,NULL,19-02-2025 13:48,6,6,1,NULL,100,99999999,A,NULL,NULL,-1
93,14T COAL BOILER,4113423.872,120,1,Auto,Energy,0,14T COAL BOILER,181,NULL,NULL,19-02-2025 14:58,6,4,1,NULL,10000,99999999,A,NULL,NULL,-1
94,W-14T BOILER FEED,52070955,0,0,Auto,Water,0,,18,NULL,NULL,25-06-2022 11:46,5,10,1,NULL,50000,256000000,A,NULL,NULL,0
95,COAL BOILER CONVEYAR,3407.763,140,1,Auto,Energy,0,COAL BOILER CONVEYAR,181,NULL,NULL,19-02-2025 14:58,6,4,1,NULL,100,99999999,A,NULL,NULL,-1
96,THERMOPAC-1,3595805,150,1,Auto,Energy,0,THERMOPAC-1,81,NULL,NULL,19-02-2025 14:58,6,4,1,NULL,100,99999999,A,NULL,NULL,-1
97,PRESSURE FEED,540392.576,297,1,Auto,Energy,0,PRESSURE FEED,181,NULL,NULL,26-09-2024 15:11,6,6,1,NULL,100,99999999,A,NULL,NULL,-1
98,THERMOPAC CONVEYAR,136222.9063,170,1,Auto,Energy,0,THERMOPAC CONVEYAR,81,NULL,NULL,19-02-2025 14:58,6,4,1,NULL,100,99999999,A,NULL,NULL,-1
99,ETP NEW DOSZING,273658.5938,1100,1,Auto,Energy,0,ETP NEW DOSZING,81,NULL,NULL,26-09-2024 10:29,6,1,1,NULL,100,99999999,A,NULL,NULL,-1
100,KNITTING SSB 11,3289140.75,2010,1,Auto,Energy,0,KNITTING SSB 11,81,NULL,NULL,19-02-2025 14:58,6,13,1,NULL,100,99999999,A,NULL,NULL,-1
101,HO SSB 14,1688201.625,2030,1,Auto,Energy,0,HO SSB 14,81,NULL,NULL,19-02-2025 14:58,6,13,1,NULL,999999,99999999,A,NULL,NULL,-1
102,DOMESTIC SSB 14 F,1042252.992,2040,1,Auto,Energy,0,DOMESTIC SSB 14 F,181,NULL,NULL,19-02-2025 14:58,6,13,1,NULL,999999,99999999,A,NULL,NULL,-1
103,GEENA LOT SSB 14 A,0,2050,1,Auto,Energy,0,GEENA LOT SSB 14 A,81,NULL,NULL,19-02-2025 14:58,6,13,1,NULL,100,99999999,A,NULL,NULL,-1
105,THIES 1750 KGS,160775.2,340,1,Auto,Energy,0,Thies-iMaster-1750Kg,181,NULL,NULL,19-02-2025 11:47,6,6,1,NULL,100,99999999,A,NULL,NULL,-1
106,BRUCKNER STENTER,601474.4375,690,1,Auto,Energy,0,BRUCKNER STENTER,81,NULL,NULL,19-02-2025 15:42,6,8,1,NULL,100,99999999,A,NULL,NULL,-1
110,SLIT OPEN 2 (CORINO),6461.876,610,1,Auto,Energy,0,SLIT OPEN 2 (CORINO),81,NULL,NULL,19-02-2025 12:18,6,8,1,NULL,100,99999999,A,NULL,NULL,-1
111,THERMOPAC-2,3703128.25,160,1,Auto,Energy,0,THERMOPAC-2,81,NULL,NULL,19-02-2025 14:58,6,4,1,NULL,100,99999999,A,NULL,NULL,-1
112,BIANCO COMPACTING-1,150620.2813,740,1,Auto,Energy,0,BIANCO COMACTING-1,81,NULL,NULL,19-02-2025 15:42,6,7,1,NULL,100,99999999,A,NULL,NULL,-1
113,SSB 2,954705.728,15,1,Auto,Energy,0,SSB 2,181,NULL,NULL,19-02-2025 13:40,6,9,1,NULL,100,99999999,A,NULL,NULL,-1
114,FORCED PLANT NEW,3229771.75,1210,1,Auto,Energy,0,FORCED PLANT NEW,81,NULL,NULL,26-09-2024 10:29,6,1,1,NULL,1000,99999999,A,NULL,NULL,-1
115,KNITTING-2,491783.9688,2020,1,Auto,Energy,0,KNITTING-2,81,NULL,NULL,19-02-2025 14:58,6,13,1,NULL,100,99999999,A,NULL,NULL,-1
116,COMPRESSOR-5 (KNITTING),867483.625,100,1,Auto,Energy,0,COMPRESSOR-5 (KNITTING),81,NULL,NULL,19-02-2025 14:58,6,5,1,NULL,999999,99999999,A,NULL,NULL,-1
117,LAB,845957.75,295,1,Auto,Energy,0,LAB,81,NULL,NULL,19-02-2025 12:18,6,6,1,NULL,100,99999999,A,NULL,NULL,-1
118,COMPRESSOR-6 (KNITTING),886633.8125,110,1,Auto,Energy,0,COMPRESSOR-6 (KNITTING),81,NULL,NULL,19-02-2025 14:40,6,5,1,NULL,999999,99999999,A,NULL,NULL,-1
119,DMS STENTER,625417.875,700,1,Auto,Energy,0,DMS STENTER,81,NULL,NULL,19-02-2025 15:42,6,8,1,NULL,100,99999999,A,NULL,NULL,-1
120,LAFER COMPACTING,114459.0234,730,1,Auto,Energy,0,LAFER COMPACTING,81,NULL,NULL,19-02-2025 15:42,6,7,1,NULL,100,99999999,A,NULL,NULL,-1
121,BRUSHING MACHINE,200833.1406,710,1,Auto,Energy,0,BRUSHING MACHINE,81,NULL,NULL,19-02-2025 15:42,6,8,1,NULL,100,99999999,A,NULL,NULL,-1
122,MV PANEL (KNITTING),6597599.232,2000,1,Auto,Energy,0,MV PANEL (KNITTING),181,NULL,NULL,19-02-2025 14:40,6,13,1,NULL,5000,99999999,A,NULL,NULL,-1
123,EHWHA STENTER-1,511036.7188,670,1,Auto,Energy,0,EHWHA STENTER-1,81,NULL,NULL,19-02-2025 15:42,6,8,1,NULL,1000,99999999,A,NULL,NULL,-1
124,PLUVIA,115003.6719,560,1,Auto,Energy,0,PLUVIA,81,NULL,NULL,19-02-2025 14:58,6,6,1,NULL,100,99999999,A,NULL,NULL,-1
125,THIES 2000 KGS-2,312954.9688,330,1,Auto,Energy,0,Thies-iMaster-2000Kg,81,NULL,NULL,19-02-2025 12:18,6,6,1,NULL,100,99999999,A,NULL,NULL,-1
126,MUTU DRYER,35721.3047,658,1,Auto,Energy,0,MUTU DRYER,81,NULL,NULL,19-02-2025 14:58,6,8,1,NULL,100,99999999,A,NULL,NULL,-1
127,12T COAL BOILER,87921.9375,130,1,Auto,Energy,0,12T COAL BOILER,81,NULL,NULL,19-02-2025 14:40,6,4,1,NULL,100,99999999,A,NULL,NULL,-1
128,BIANCO COMPACTING-2,46131.8477,750,1,Auto,Energy,0,BIANCO COMACTING-2,81,NULL,NULL,19-02-2025 15:42,6,7,1,NULL,100,99999999,A,NULL,NULL,-1
129,SSB 18,1821826,30,1,Auto,Energy,0,SSB 18,81,NULL,NULL,19-02-2025 14:40,6,9,1,NULL,1000,99999999,A,NULL,NULL,-1
130,MF PLANT,12873.5439,1000,1,Auto,Energy,0,MF PLANT,181,NULL,NULL,19-02-2025 14:58,6,2,1,NULL,100,99999999,A,NULL,NULL,-1
131,COMPRESSOR-3 (NEW),155975.7813,80,1,Auto,Energy,1,NULL,81,NULL,NULL,19-02-2025 14:58,6,5,1,NULL,100,99999999,A,NULL,NULL,-1
132,SINGEING MACHINE,31992.2754,713,1,Auto,Energy,0,NULL,81,NULL,NULL,19-02-2025 15:42,6,8,1,NULL,100,99999999,A,NULL,NULL,-1
133,BIANCO COMPACTING-3,26222.17,752,1,Auto,Energy,0,NULL,8,NULL,NULL,19-02-2025 15:42,6,7,1,NULL,100,99999999,A,NULL,NULL,-1
134,RO PLANT 7,18576.83,0,1,Auto,Energy,0,NULL,8,NULL,NULL,19-02-2025 14:58,6,2,1,NULL,1000,100000000,A,NULL,NULL,-1
150,W-HOSTEL,128552463,0,0,Auto,Water,0,,18,NULL,NULL,12-12-2021 18:09,5,10,1,NULL,50000,256000000,A,NULL,NULL,0
151,W-PROCESS MAKEUP,135184764,0,0,Auto,Water,0,,18,NULL,NULL,14-11-2019 14:16,5,10,1,NULL,50000,256000000,A,NULL,NULL,0
152,W-ETP DOZING,90149873,0,0,Auto,Water,0,,18,NULL,NULL,21-06-2022 18:30,5,10,1,NULL,50000,256000000,A,NULL,NULL,0
153,W-RO TOTAL PERMEATE,165532584,0,0,Auto,Water,0,,18,NULL,NULL,12-10-2020 09:33,5,10,1,NULL,50000,256000000,A,NULL,NULL,0
154,W-RO FLUSHING INLET,26302195,0,0,Auto,Water,0,,18,NULL,NULL,25-06-2022 11:46,5,10,1,NULL,50000,256000000,A,NULL,NULL,0
155,W-RO FINAL REJECT,210015436,0,0,Auto,Water,0,,18,NULL,NULL,25-06-2022 11:46,5,10,1,NULL,50000,256000000,A,NULL,NULL,0
156,W-COLLECTION TANK,253801236,0,0,Auto,Water,0,,18,NULL,NULL,25-06-2022 11:46,5,10,1,NULL,500000,256000000,A,NULL,NULL,0
157,W-HOT WATER,120009339,0,0,Auto,Water,0,,18,NULL,NULL,21-06-2022 20:50,5,10,1,NULL,50000,256000000,B,NULL,NULL,0
158,W-ETP FEED,178849119,0,0,Auto,Water,0,,18,NULL,NULL,13-01-2021 08:53,5,10,1,NULL,50000,256000000,A,NULL,NULL,0
161,W-NEW EVAPORATOR FEED,192156482,0,0,Auto,Water,0,,18,NULL,NULL,27-09-2021 07:24,5,10,1,NULL,50000,256000000,A,NULL,NULL,0
162,W-RO FLUSHING OUTLET,182129350,0,0,Auto,Water,0,,18,NULL,NULL,25-06-2022 11:46,5,10,1,NULL,50000,256000000,A,NULL,NULL,0
163,W- NEW MEE REJECT,45556482,0,0,Auto,Water,0,,18,NULL,NULL,27-09-2021 07:24,5,10,1,NULL,50000,256000000,A,NULL,NULL,0
164,W-STP TO COLLECTION TANK,23843956,0,0,Auto,Water,0,,18,NULL,NULL,15-02-2020 22:14,5,10,1,NULL,50000,256000000,A,NULL,NULL,0
165,W-14 FEED OVER FLOW,107053022,0,0,Auto,Water,0,,18,NULL,NULL,25-06-2022 11:46,5,10,1,NULL,500000,256000000,A,NULL,NULL,0
166,W-BRUCKNER STENTER,10261756,0,0,Auto,Water,0,,3,8,NULL,17-08-2021 17:49,5,10,1,NULL,50000,256000000,A,NULL,NULL,0
167,OLD AREATION pH,7.35,0,0,Auto,PH,0,,1,NULL,NULL,27-02-2021 12:56,8,16,1,NULL,0,0,NULL,NULL,NULL,0
168,NEW AREATION pH,7.95,0,0,Auto,PH,0,,1,NULL,NULL,27-02-2021 12:56,8,16,1,NULL,0,0,NULL,NULL,NULL,0
169,RO IA BACK WASH,3930324,0,0,Auto,Water,0,,113,1,1,17-12-2020 16:32,5,10,1,NULL,500000,259999999,A,NULL,NULL,73
170,RO I STAGE FEED TANK,48,0,0,Auto,TankLevel,0,,1,NULL,NULL,27-02-2021 12:56,7,16,1,NULL,0,237000,NULL,NULL,NULL,0
171,W-RO 1C (PERMEATE REPROCESS) REJECT,22858306,0,0,Auto,Water,0,,18,NULL,NULL,10-06-2022 01:29,5,10,1,NULL,500000,25999999,A,NULL,NULL,0
172,W-RO 1C (PERMEATE REPROCESS) FEED,164682472,0,0,Auto,Water,0,,18,NULL,NULL,25-06-2022 11:46,5,10,1,NULL,500000,259999999,A,NULL,NULL,0
173,RO IB BACKWASH,8544074,0,0,Auto,Water,0,,113,2,1,14-01-2021 03:41,5,10,1,NULL,50000,260000000,A,NULL,NULL,0
174,RO ID BACKWASH,2298912,0,0,Auto,Water,0,,113,3,1,27-12-2020 13:10,5,10,1,NULL,50000,2599999.999,A,NULL,NULL,587
175,TREATED WATER 1 BACKWASH,1907118,0,0,Auto,Water,0,,113,4,1,27-02-2021 12:56,5,10,1,NULL,50000,260000000,A,NULL,NULL,0
176,TREATED WATER 2 BACKWASH,1042839,0,0,Auto,Water,0,,113,5,1,27-02-2021 12:56,5,10,1,NULL,50000,2599999.999,A,NULL,NULL,0
177,SETTLING CLARIFIER SLUDGE,1661996,0,0,Auto,Water,0,,113,6,1,18-01-2021 12:42,5,10,1,NULL,50000,26000000,A,NULL,NULL,0
178,OLD SECONDARY SLUDGE,5267678,0,0,Auto,Water,0,,113,7,1,27-02-2021 12:56,5,10,1,NULL,50000,26000000000,A,NULL,NULL,0
179,NEW SECONDARY SLUDGE,2277557,0,0,Auto,Water,0,,113,8,1,18-01-2021 12:42,5,10,1,NULL,500000,2599999.999,A,NULL,NULL,0
180,OLD TERITORY CLARIFIER SLUDGE,5448432,0,0,Auto,Water,0,,113,9,1,27-02-2021 12:56,5,10,1,NULL,500000,2600000000,A,NULL,NULL,0
181,NEW TERITORY CLARIFIER SLUDGE,4817721,0,0,Auto,Water,0,,113,10,1,27-02-2021 12:56,5,10,1,NULL,500000,26000000,A,NULL,NULL,0
182,MN02 FILTER FEED TANK,48,0,0,Auto,TankLevel,0,,1,NULL,NULL,27-02-2021 12:56,7,16,1,NULL,0,250000,NULL,NULL,NULL,0
183,ETP TREATED WATER TANK III,94,0,0,Auto,TankLevel,0,,1,NULL,NULL,27-02-2021 12:56,7,16,1,NULL,0,250000,NULL,NULL,NULL,0
184,EVAPRATOR FEED TANK,43,0,0,Auto,TankLevel,0,,1,NULL,NULL,27-02-2021 12:56,7,16,1,NULL,0,250000,NULL,NULL,NULL,0
185,CRYSTACIZER FEED TANK,95,0,0,Auto,TankLevel,0,,1,NULL,NULL,27-02-2021 12:56,7,16,1,NULL,0,25000,NULL,NULL,NULL,0
186,HOLDING TANK,53,0,0,Auto,TankLevel,0,,1,NULL,NULL,27-02-2021 12:56,7,16,1,NULL,0,25000,NULL,NULL,NULL,0
187,COLLECTION TANK,65,0,0,Auto,TankLevel,0,,1,NULL,NULL,27-02-2021 12:56,7,16,1,NULL,0,250000,NULL,NULL,NULL,0
188,ETP FEED TANK,75,0,0,Auto,TankLevel,0,,1,NULL,NULL,27-02-2021 12:56,7,16,1,NULL,0,25000,NULL,NULL,NULL,0
189,OIL FORCED TANK,61,0,0,Auto,TankLevel,0,,1,NULL,NULL,27-02-2021 12:56,7,16,1,NULL,0,250000,NULL,NULL,NULL,0
190,FIRST RO FEED TANK,84,0,0,Auto,TankLevel,0,,1,NULL,NULL,27-02-2021 12:55,7,16,1,NULL,0,250000,NULL,NULL,NULL,0
191,PLUVIA RO WATER,0,0,0,Auto,Water,0,,18,NULL,NULL,NULL,5,10,1,NULL,50000,30000000,A,NULL,NULL,NULL
201,MV PANEL (PRINTING),16532968,3000,1,Auto,Energy,0,MV PANEL (PRINTING),81,NULL,NULL,19-02-2025 14:58,6,18,1,NULL,999999,99999999,A,NULL,NULL,-1
202,MLSB-3,153323.3125,3010,1,Auto,Energy,0,MLSB-3,81,NULL,NULL,29-10-2023 11:41,6,18,1,NULL,999999,99999999,A,NULL,NULL,-1
203,MHM FLASH LIGHT,270328.125,3170,1,Auto,Energy,0,MHM FLASH LIGHT,81,NULL,NULL,19-02-2025 14:58,6,18,1,NULL,999999,99999999,A,NULL,NULL,-1
204,VTA 15 1&2 (PRINITNG SSB-27) ,1170873,3030,1,Auto,Energy,0,VTA 15 1&2 (PRINITNG SSB-27) ,81,NULL,NULL,19-02-2025 14:58,6,18,1,NULL,999999,99999999,A,NULL,NULL,-1
205,MLSB-4,23649.4434,3020,1,Auto,Energy,0,MLSB-4,81,NULL,NULL,19-02-2025 14:40,6,18,1,NULL,999999,99999999,A,NULL,NULL,-1
206,MHM CONTROL PANEL-1,34105.8125,3160,1,Auto,Energy,0,MHM CONTROL PANEL-1,81,NULL,NULL,19-02-2025 13:40,6,18,1,NULL,999999,99999999,A,NULL,NULL,-1
207,MHM GAS CURING-1 ,75510.125,3200,1,Auto,Energy,0,MHM GAS CURING-1 ,81,NULL,NULL,19-02-2025 13:40,6,18,1,NULL,999999,99999999,A,NULL,NULL,-1
208,ROTARY-1,283631.875,3080,1,Auto,Energy,0,ROTARY-1,81,NULL,NULL,19-02-2025 14:58,6,18,1,NULL,999999,99999999,A,NULL,NULL,-1
209,ROTARY-2,482237.4375,3090,1,Auto,Energy,0,ROTARY-2,81,NULL,NULL,19-02-2025 14:58,6,18,1,NULL,999999,99999999,A,NULL,NULL,-1
210,ROTARY-3,911549.3125,3100,1,Auto,Energy,0,ROTARY-3,81,NULL,NULL,19-02-2025 14:58,6,18,1,NULL,999999,99999999,A,NULL,NULL,-1
211,SSB-21,725003.0625,3025,1,Auto,Energy,0,SSB-21,81,NULL,NULL,19-02-2025 14:58,6,18,1,NULL,999999,99999999,A,NULL,NULL,-1
212,AGER-1,46793.3203,3120,1,Auto,Energy,0,AGER-1,81,NULL,NULL,19-02-2025 14:58,6,18,1,NULL,999999,99999999,A,NULL,NULL,-1
213,AGER-2,48134.6836,3130,1,Auto,Energy,0,AGER-2,81,NULL,NULL,19-02-2025 14:58,6,18,1,NULL,999999,99999999,A,NULL,NULL,-1
214,COMPRESSOR-7,102334.4688,3050,1,Auto,Energy,0,COMPRESSOR-7,81,NULL,NULL,15-02-2025 20:28,6,18,1,NULL,999999,99999999,A,NULL,NULL,-1
215,COMPRESSOR-8,195143.375,3060,1,Auto,Energy,0,COMPRESSOR-8,81,NULL,NULL,06-02-2025 15:34,6,18,1,NULL,999999,99999999,A,NULL,NULL,-1
216,COMPRESSOR-9,153385.8594,3070,1,Auto,Energy,0,COMPRESSOR-9,81,NULL,NULL,06-02-2025 08:34,6,18,1,NULL,999999,99999999,A,NULL,NULL,-1
217,ETP RO PANEL (PRINTING),42833.7188,3240,1,Auto,Energy,0,ETP RO PANEL (PRINTING),81,NULL,NULL,19-02-2025 14:58,6,18,1,NULL,999999,99999999,A,NULL,NULL,-1
218,ETP PANEL (PRINTING),19341.6758,3250,1,Auto,Energy,0,ETP PANEL (PRINTING),181,NULL,NULL,19-02-2025 14:58,6,18,1,NULL,999999,99999999,A,NULL,NULL,-1
219,ETP DOSING (PRINTING),53285.4,3260,1,Auto,Energy,0,ETP DOSING (PRINTING),181,NULL,NULL,27-09-2024 06:40,6,18,1,NULL,999999,99999999,A,NULL,NULL,-1
220,GAS PLANT,45548.8555,175,1,Auto,Energy,0,GAS PLANT,81,NULL,NULL,19-02-2025 14:58,6,6,1,NULL,999999,99999999,A,NULL,NULL,-1
221,ZIMMER ROTARY,257056.8594,3110,1,Auto,Energy,0,ZIMMER ROTARY,81,NULL,NULL,16-11-2024 09:47,6,18,1,NULL,999999,99999999,A,NULL,NULL,-1
222,PRINTING OFFICE,1207067.25,3022,1,Auto,Energy,0,PRINTING OFFICE,81,NULL,NULL,05-01-2025 10:28,6,18,1,NULL,999999,99999999,A,NULL,NULL,-1
223,SSB-28,1976579,3040,1,Auto,Energy,0,SSB-28,81,NULL,NULL,19-02-2025 13:40,6,18,1,NULL,999999,99999999,A,NULL,NULL,-1
224,MCC-1 (PRINTING),73997.9922,3230,1,Auto,Energy,0,MCC-1 (PRINTING),181,NULL,NULL,19-02-2025 13:40,6,18,1,NULL,999999,99999999,A,NULL,NULL,-1
225,CURING-2,26984.2578,3150,1,Auto,Energy,0,CURING-2,81,NULL,NULL,19-02-2025 13:40,6,18,1,NULL,999999,99999999,A,NULL,NULL,-1
226,MHM-4 FLASH LIGHT,112882.1953,3180,1,Auto,Energy,0,MHM-4 FLASH LIGHT,81,NULL,NULL,05-01-2025 10:28,6,18,1,NULL,999999,99999999,A,NULL,NULL,-1
227,MHM-5 FLASH LIGHT,92645.7344,3190,1,Auto,Energy,0,MHM-5 FLASH LIGHT,81,NULL,NULL,05-01-2025 10:28,6,18,1,NULL,999999,99999999,A,NULL,NULL,-1
228,MHM GAS CURING-2,34990.8164,3210,1,Auto,Energy,0,MHM GAS CURING-2,81,NULL,NULL,12-11-2024 15:44,6,18,1,NULL,999999,99999999,A,NULL,NULL,-1
229,CURING-1,22100.5117,3140,1,Auto,Energy,0,CURING-1,81,NULL,NULL,19-02-2025 14:40,6,18,1,NULL,999999,99999999,A,NULL,NULL,-1
230,MF PLANT (PRINTING),3124.5081,3220,1,Auto,Energy,0,MF PLANT (PRINTING),81,NULL,NULL,19-02-2025 14:40,6,18,1,NULL,999999,99999999,A,NULL,NULL,-1
